company_id,year,current_ratio,quick_ratio,debt_to_equity,interest_coverage,gross_margin,net_margin,roa,roe,cfo_to_net_income,inventory_turnover,receivables_days
b6ffb9ab-f276-4023-87d3-a24300e7a2b2,2023,,,,3.6086956521739135,,0.073,,,,,
b6ffb9ab-f276-4023-87d3-a24300e7a2b2,2024,0.6018845700824499,3.9634864546525326,68.93668122270742,8.204320432043204,,0.08013591751615114,0.00058413537228292,5.998908296943231,11.483530482256597,,11.449665310408191
b6ffb9ab-f276-4023-87d3-a24300e7a2b2,2025,0.5759803921568627,5.432598039215686,75.92189349112427,5.279411764705882,,0.11430504355990004,0.0007734708558722685,9.797633136094674,8.203285420944558,,13.238550856701044
b6ffb9ab-f276-4023-87d3-a24300e7a2b2,2026,,,1.2,13.172234446889378,,0.07871592808651452,480.7083333333333,769.1333333333333,,,1.8926756046805173
b6ffb9ab-f276-4023-87d3-a24300e7a2b2,2027,,,,9.006935357236326,,0.08785390400353904,90.57007125890736,,,,0.2144506193320062
b6ffb9ab-f276-4023-87d3-a24300e7a2b2,2028,,,,,,,,,,,
b6ffb9ab-f276-4023-87d3-a24300e7a2b2,2029,,,245.35294117647058,,,,,,,,
b6ffb9ab-f276-4023-87d3-a24300e7a2b2,2030,,,,,,,,,,,
