company_id,year,current_ratio,quick_ratio,debt_to_equity,interest_coverage,gross_margin,net_margin,roa,roe,cfo_to_net_income,inventory_turnover,receivables_days
769aa081-a3e9-4786-8d87-355cbd92cee5,2023,,,,3.6086956521739135,,0.073,,,,,
9b5dbe9e-49d0-4a4d-ac1b-c2884b1c780a,2024,0.061898211829436035,0.5061912104539202,,,0.38997214484679665,0.022841225626740944,0.4555555555555555,,,,149.66016713091923
